{
  "cols": 1,
  "data": {
    "0": [
      "Constanzo-PreparedSnare-M.wav"
    ],
    "1": [
      "Green-Box639.wav"
    ],
    "10": [
      "Tremblay-AaS-VoiceQC-B2K-M.wav"
    ],
    "11": [
      "Tremblay-BaB-HumDC-M.wav"
    ],
    "12": [
      "Tremblay-BaB-SoundscapeGolcarWithDog.wav"
    ],
    "13": [
      "Tremblay-CEL-GlitchyMusicBoxMelo.wav"
    ],
    "14": [
      "Tremblay-CF-ChurchBells.wav"
    ],
    "15": [
      "Tremblay-FMTriDist-M.wav"
    ],
    "16": [
      "Tremblay-Iterative-M.wav"
    ],
    "17": [
      "Tremblay-SA-UprightPianoPedalWide.wav"
    ],
    "18": [
      "Tremblay-SlideChoirAdd-M.wav"
    ],
    "19": [
      "Tremblay-UW-ComplexDescent-M.wav"
    ],
    "2": [
      "Green-Box641.wav"
    ],
    "20": [
      "Tremblay-BeatRemember.wav"
    ],
    "3": [
      "Harker-DS-TenOboeMultiphonics-M.wav"
    ],
    "4": [
      "Nicol-LoopE-M.wav"
    ],
    "5": [
      "Olencki-TenTromboneLongTones-M.wav"
    ],
    "6": [
      "Tremblay-ASWINE-ScratchySynth-M.wav"
    ],
    "7": [
      "Tremblay-AaS-AcBassGuit-Melo-M.wav"
    ],
    "8": [
      "Tremblay-AaS-AcousticStrums-M.wav"
    ],
    "9": [
      "Tremblay-AaS-SynthTwoVoices-M.wav"
    ]
  }
}
